own_id,categoryCode,parentCategoryCode,categoryTitle,categoryName,count,child_categoryCode,child_parentCategoryCode,child_categoryTitle,child_categoryName,child_count,child_childCategoryList
1,000,,인기,Best,245905,001005,001,맨투맨/스웨트셔츠,맨투맨/스웨트셔츠,40908,
2,000,,인기,Best,245905,001002,001,셔츠/블라우스,셔츠/블라우스,29620,
3,000,,인기,Best,245905,001004,001,후드 티셔츠,후드 티셔츠,27088,
4,000,,인기,Best,245905,003004,003,트레이닝/조거 팬츠,트레이닝/조거 팬츠,27066,
5,000,,인기,Best,245905,007001,007,캡/야구 모자,캡/야구 모자,22284,
6,000,,인기,Best,245905,003002,003,데님 팬츠,데님 팬츠,18372,
7,000,,인기,Best,245905,002020,002,카디건,카디건,14347,
8,000,,인기,Best,245905,004003,004,숄더백,숄더백,10587,
9,000,,인기,Best,245905,003008,003,슈트 팬츠/슬랙스,슈트 팬츠/슬랙스,10043,
10,000,,인기,Best,245905,002006,002,나일론/코치 재킷,나일론/코치 재킷,9995,
11,000,,인기,Best,245905,002003,002,슈트/블레이저 재킷,슈트/블레이저 재킷,7722,
12,000,,인기,Best,245905,004001,004,백팩,백팩,7159,
13,000,,인기,Best,245905,002022,002,후드 집업,후드 집업,6778,
14,000,,인기,Best,245905,018003,018,패션스니커즈화,패션스니커즈화,4795,
15,000,,인기,Best,245905,018002,018,캔버스/단화,캔버스/단화,4044,
16,000,,인기,Best,245905,002002,002,레더/라이더스 재킷,레더/라이더스 재킷,3270,
17,000,,인기,Best,245905,002004,002,스타디움 재킷,스타디움 재킷,1827,
18,001,,상의,Top,256641,001,,전체,Top,256641,
19,001,,상의,Top,256641,001006,001,니트/스웨터,니트/스웨터,32100,
20,001,,상의,Top,256641,001004,001,후드 티셔츠,후드 티셔츠,27089,
21,001,,상의,Top,256641,001005,001,맨투맨/스웨트셔츠,맨투맨/스웨트셔츠,40908,
22,001,,상의,Top,256641,001010,001,긴소매 티셔츠,긴소매 티셔츠,24985,
23,001,,상의,Top,256641,001002,001,셔츠/블라우스,셔츠/블라우스,29619,
24,001,,상의,Top,256641,001003,001,피케/카라 티셔츠,피케/카라 티셔츠,11670,
25,001,,상의,Top,256641,001001,001,반소매 티셔츠,반소매 티셔츠,74323,
26,001,,상의,Top,256641,001011,001,민소매 티셔츠,민소매 티셔츠,7675,
27,001,,상의,Top,256641,001013,001,스포츠 상의,스포츠 상의,29321,
28,001,,상의,Top,256641,001008,001,기타 상의,기타 상의,7663,
29,002,,아우터,Outer,99530,002,,전체,Outer,99530,
30,002,,아우터,Outer,99530,002022,002,후드 집업,후드 집업,6778,
31,002,,아우터,Outer,99530,002001,002,블루종/MA-1,블루종/MA-1,4210,
32,002,,아우터,Outer,99530,002002,002,레더/라이더스 재킷,레더/라이더스 재킷,3269,
33,002,,아우터,Outer,99530,002025,002,무스탕/퍼,무스탕/퍼,1317,
34,002,,아우터,Outer,99530,002017,002,트러커 재킷,트러커 재킷,3822,
35,002,,아우터,Outer,99530,002003,002,슈트/블레이저 재킷,슈트/블레이저 재킷,7722,
36,002,,아우터,Outer,99530,002020,002,카디건,카디건,14346,
37,002,,아우터,Outer,99530,002019,002,아노락 재킷,아노락 재킷,3302,
38,002,,아우터,Outer,99530,002023,002,플리스/뽀글이,플리스/뽀글이,2891,
39,002,,아우터,Outer,99530,002018,002,트레이닝 재킷,트레이닝 재킷,3128,
40,002,,아우터,Outer,99530,002004,002,스타디움 재킷,스타디움 재킷,1827,
41,002,,아우터,Outer,99530,002008,002,환절기 코트,환절기 코트,1774,
42,002,,아우터,Outer,99530,002007,002,겨울 싱글 코트,겨울 싱글 코트,2089,
43,002,,아우터,Outer,99530,002024,002,겨울 더블 코트,겨울 더블 코트,1002,
44,002,,아우터,Outer,99530,002009,002,겨울 기타 코트,겨울 기타 코트,1282,
45,002,,아우터,Outer,99530,002013,002,롱패딩/롱헤비 아우터,롱패딩/롱헤비 아우터,892,
46,002,,아우터,Outer,99530,002012,002,숏패딩/숏헤비 아우터,숏패딩/숏헤비 아우터,8755,
47,002,,아우터,Outer,99530,002016,002,패딩 베스트,패딩 베스트,1902,
48,002,,아우터,Outer,99530,002021,002,베스트,베스트,7033,
49,002,,아우터,Outer,99530,002014,002,사파리/헌팅 재킷,사파리/헌팅 재킷,1200,
50,002,,아우터,Outer,99530,002006,002,나일론/코치 재킷,나일론/코치 재킷,9995,
51,002,,아우터,Outer,99530,002015,002,기타 아우터,기타 아우터,10994,
52,003,,바지,Pants,108947,003,,전체,Pants,108947,
53,003,,바지,Pants,108947,003002,003,데님 팬츠,데님 팬츠,18372,
54,003,,바지,Pants,108947,003007,003,코튼 팬츠,코튼 팬츠,13731,
55,003,,바지,Pants,108947,003008,003,슈트 팬츠/슬랙스,슈트 팬츠/슬랙스,10043,
56,003,,바지,Pants,108947,003004,003,트레이닝/조거 팬츠,트레이닝/조거 팬츠,27065,
57,003,,바지,Pants,108947,003009,003,숏 팬츠,숏 팬츠,19903,
58,003,,바지,Pants,108947,003005,003,레깅스,레깅스,3443,
59,003,,바지,Pants,108947,003010,003,점프 슈트/오버올,점프 슈트/오버올,1339,
60,003,,바지,Pants,108947,003011,003,스포츠 하의,스포츠 하의,16054,
61,003,,바지,Pants,108947,003006,003,기타 바지,기타 바지,14964,
62,020,,원피스,Onepiece,15067,020,,전체,Onepiece,15067,
63,020,,원피스,Onepiece,15067,020006,020,미니 원피스,미니 원피스,3919,
64,020,,원피스,Onepiece,15067,020007,020,미디 원피스,미디 원피스,5953,
65,020,,원피스,Onepiece,15067,020008,020,맥시 원피스,맥시 원피스,5195,
66,022,,스커트,Skirt,17396,022,,전체,Skirt,17396,
67,022,,스커트,Skirt,17396,022001,022,미니스커트,미니스커트,8722,
68,022,,스커트,Skirt,17396,022002,022,미디스커트,미디스커트,4266,
69,022,,스커트,Skirt,17396,022003,022,롱스커트,롱스커트,4408,
70,018,,스니커즈,Sneakers,12777,018,,전체,Sneakers,12777,
71,018,,스니커즈,Sneakers,12777,018002,018,캔버스/단화,캔버스/단화,4043,
72,018,,스니커즈,Sneakers,12777,018003,018,패션스니커즈화,패션스니커즈화,4795,
73,018,,스니커즈,Sneakers,12777,018001,018,스포츠 스니커즈,스포츠 스니커즈,1918,
74,018,,스니커즈,Sneakers,12777,018004,018,기타 스니커즈,기타 스니커즈,2021,
75,005,,신발,Shoes,28403,005,,전체,Shoes,28403,
76,005,,신발,Shoes,28403,005014,005,구두,구두,2602,
77,005,,신발,Shoes,28403,005015,005,로퍼,로퍼,3069,
78,005,,신발,Shoes,28403,005012,005,힐/펌프스,힐/펌프스,3332,
79,005,,신발,Shoes,28403,005017,005,플랫 슈즈,플랫 슈즈,1457,
80,005,,신발,Shoes,28403,005019,005,블로퍼,블로퍼,810,
81,005,,신발,Shoes,28403,005004,005,샌들,샌들,4627,
82,005,,신발,Shoes,28403,005018,005,슬리퍼,슬리퍼,4218,
83,005,,신발,Shoes,28403,005006,005,기타 신발,기타 신발,1827,
84,005,,신발,Shoes,28403,005016,005,모카신/보트 슈즈,모카신/보트 슈즈,318,
85,005,,신발,Shoes,28403,005011,005,부츠,부츠,5957,
86,005,,신발,Shoes,28403,005005,005,신발 용품,신발 용품,186,
87,004,,가방,Bag,51162,004,,전체,Bag,51162,
88,004,,가방,Bag,51162,004001,004,백팩,백팩,7159,
89,004,,가방,Bag,51162,004002,004,메신저/크로스 백,메신저/크로스 백,10862,
90,004,,가방,Bag,51162,004003,004,숄더백,숄더백,10587,
91,004,,가방,Bag,51162,004015,004,토트백,토트백,6606,
92,004,,가방,Bag,51162,004014,004,에코백,에코백,2213,
93,004,,가방,Bag,51162,004006,004,보스턴/드럼/더플백,보스턴/드럼/더플백,809,
94,004,,가방,Bag,51162,004007,004,웨이스트 백,웨이스트 백,1151,
95,004,,가방,Bag,51162,004013,004,파우치 백,파우치 백,3403,
96,004,,가방,Bag,51162,004008,004,브리프케이스,브리프케이스,365,
97,004,,가방,Bag,51162,004009,004,캐리어,캐리어,1233,
98,004,,가방,Bag,51162,004012,004,가방 소품,가방 소품,891,
99,004,,가방,Bag,51162,004016,004,지갑/머니클립,지갑/머니클립,5268,
100,004,,가방,Bag,51162,004005,004,클러치 백,클러치 백,615,
101,054,,여성 가방,Women's bag,42484,054,,전체,Women's bag,42484,
102,054,,여성 가방,Women's bag,42484,054001,054,크로스백,크로스백,9775,
103,054,,여성 가방,Women's bag,42484,054002,054,토트백,토트백,6208,
104,054,,여성 가방,Women's bag,42484,054003,054,숄더백,숄더백,10366,
105,054,,여성 가방,Women's bag,42484,054004,054,클러치 백,클러치 백,615,
106,054,,여성 가방,Women's bag,42484,054005,054,파우치 백,파우치 백,3267,
107,054,,여성 가방,Women's bag,42484,054006,054,백팩,백팩,5237,
108,054,,여성 가방,Women's bag,42484,054007,054,웨이스트 백,웨이스트 백,949,
109,054,,여성 가방,Women's bag,42484,054008,054,지갑/머니클립,지갑/머니클립,5233,
110,054,,여성 가방,Women's bag,42484,054009,054,가방 소품,가방 소품,834,
111,017,,스포츠/용품,Sports/Goods,113577,017,,전체,Sports/Goods,113577,
112,017,,스포츠/용품,Sports/Goods,113577,017016,017,상의,상의,29321,"[{'categoryCode': '017016005', 'parentCategoryCode': '017016', 'categoryTitle': '반소매 티셔츠', 'categoryName': '반소매 티셔츠', 'count': 7657, 'childCategoryList': []}, {'categoryCode': '017016002', 'parentCategoryCode': '017016', 'categoryTitle': '긴소매 티셔츠', 'categoryName': '긴소매 티셔츠', 'count': 4781, 'childCategoryList': []}, {'categoryCode': '017016003', 'parentCategoryCode': '017016', 'categoryTitle': '나시/민소매 티셔츠', 'categoryName': '나시/민소매 티셔츠', 'count': 1565, 'childCategoryList': []}, {'categoryCode': '017016004', 'parentCategoryCode': '017016', 'categoryTitle': '맨투맨/스웨트셔츠', 'categoryName': '맨투맨/스웨트셔츠', 'count': 2515, 'childCategoryList': []}, {'categoryCode': '017016006', 'parentCategoryCode': '017016', 'categoryTitle': '피케/카라 티셔츠', 'categoryName': '피케/카라 티셔츠', 'count': 5290, 'childCategoryList': []}, {'categoryCode': '017016007', 'parentCategoryCode': '017016', 'categoryTitle': '후드 티셔츠', 'categoryName': '후드 티셔츠', 'count': 1204, 'childCategoryList': []}, {'categoryCode': '017016001', 'parentCategoryCode': '017016', 'categoryTitle': '니트/스웨터', 'categoryName': '니트/스웨터', 'count': 2953, 'childCategoryList': []}, {'categoryCode': '017016009', 'parentCategoryCode': '017016', 'categoryTitle': '브라탑', 'categoryName': '브라탑', 'count': 1391, 'childCategoryList': []}, {'categoryCode': '017016010', 'parentCategoryCode': '017016', 'categoryTitle': '언더레이어', 'categoryName': '언더레이어', 'count': 575, 'childCategoryList': []}, {'categoryCode': '017016011', 'parentCategoryCode': '017016', 'categoryTitle': '유니폼', 'categoryName': '유니폼', 'count': 221, 'childCategoryList': []}, {'categoryCode': '017016008', 'parentCategoryCode': '017016', 'categoryTitle': '기타상의', 'categoryName': '기타상의', 'count': 1169, 'childCategoryList': []}]"
113,017,,스포츠/용품,Sports/Goods,113577,017020,017,하의,하의,16288,"[{'categoryCode': '017020002', 'parentCategoryCode': '017020', 'categoryTitle': '숏팬츠', 'categoryName': '숏팬츠', 'count': 2884, 'childCategoryList': []}, {'categoryCode': '017020004', 'parentCategoryCode': '017020', 'categoryTitle': '트레이닝 팬츠', 'categoryName': '트레이닝 팬츠', 'count': 1689, 'childCategoryList': []}, {'categoryCode': '017020003', 'parentCategoryCode': '017020', 'categoryTitle': '조거 팬츠', 'categoryName': '조거 팬츠', 'count': 2598, 'childCategoryList': []}, {'categoryCode': '017020012', 'parentCategoryCode': '017020', 'categoryTitle': '일자 팬츠', 'categoryName': '일자 팬츠', 'count': 3481, 'childCategoryList': []}, {'categoryCode': '017020005', 'parentCategoryCode': '017020', 'categoryTitle': '점프 슈트', 'categoryName': '점프 슈트', 'count': 145, 'childCategoryList': []}, {'categoryCode': '017020011', 'parentCategoryCode': '017020', 'categoryTitle': '오버롤', 'categoryName': '오버롤', 'count': 70, 'childCategoryList': []}, {'categoryCode': '017020007', 'parentCategoryCode': '017020', 'categoryTitle': '레깅스', 'categoryName': '레깅스', 'count': 3267, 'childCategoryList': []}, {'categoryCode': '017020010', 'parentCategoryCode': '017020', 'categoryTitle': '언더레이어', 'categoryName': '언더레이어', 'count': 107, 'childCategoryList': []}, {'categoryCode': '017020006', 'parentCategoryCode': '017020', 'categoryTitle': '유니폼', 'categoryName': '유니폼', 'count': 54, 'childCategoryList': []}, {'categoryCode': '017020001', 'parentCategoryCode': '017020', 'categoryTitle': '기타 바지', 'categoryName': '기타 바지', 'count': 1993, 'childCategoryList': []}]"
114,017,,스포츠/용품,Sports/Goods,113577,017018,017,아우터,아우터,14020,"[{'categoryCode': '017018003', 'parentCategoryCode': '017018', 'categoryTitle': '나일론/코치 재킷', 'categoryName': '나일론/코치 재킷', 'count': 3513, 'childCategoryList': []}, {'categoryCode': '017018008', 'parentCategoryCode': '017018', 'categoryTitle': '트레이닝 재킷', 'categoryName': '트레이닝 재킷', 'count': 1128, 'childCategoryList': []}, {'categoryCode': '017018007', 'parentCategoryCode': '017018', 'categoryTitle': '아노락 재킷', 'categoryName': '아노락 재킷', 'count': 1158, 'childCategoryList': []}, {'categoryCode': '017018006', 'parentCategoryCode': '017018', 'categoryTitle': '스타디움 재킷', 'categoryName': '스타디움 재킷', 'count': 159, 'childCategoryList': []}, {'categoryCode': '017018019', 'parentCategoryCode': '017018', 'categoryTitle': '블레이저', 'categoryName': '블레이저', 'count': 29, 'childCategoryList': []}, {'categoryCode': '017018010', 'parentCategoryCode': '017018', 'categoryTitle': '카디건', 'categoryName': '카디건', 'count': 770, 'childCategoryList': []}, {'categoryCode': '017018016', 'parentCategoryCode': '017018', 'categoryTitle': '후드 집업', 'categoryName': '후드 집업', 'count': 514, 'childCategoryList': []}, {'categoryCode': '017018001', 'parentCategoryCode': '017018', 'categoryTitle': '베스트', 'categoryName': '베스트', 'count': 1585, 'childCategoryList': []}, {'categoryCode': '017018009', 'parentCategoryCode': '017018', 'categoryTitle': '플리스', 'categoryName': '플리스', 'count': 491, 'childCategoryList': []}, {'categoryCode': '017018014', 'parentCategoryCode': '017018', 'categoryTitle': '숏 패딩/숏 헤비 아우터', 'categoryName': '숏 패딩/숏 헤비 아우터', 'count': 1726, 'childCategoryList': []}, {'categoryCode': '017018015', 'parentCategoryCode': '017018', 'categoryTitle': '하프 패딩/하프 헤비 아우터', 'categoryName': '하프 패딩/하프 헤비 아우터', 'count': 375, 'childCategoryList': []}, {'categoryCode': '017018013', 'parentCategoryCode': '017018', 'categoryTitle': '롱 패딩/롱 헤비 아우터', 'categoryName': '롱 패딩/롱 헤비 아우터', 'count': 187, 'childCategoryList': []}, {'categoryCode': '017018018', 'parentCategoryCode': '017018', 'categoryTitle': '패딩베스트', 'categoryName': '패딩베스트', 'count': 587, 'childCategoryList': []}, {'categoryCode': '017018017', 'parentCategoryCode': '017018', 'categoryTitle': '유니폼', 'categoryName': '유니폼', 'count': 50, 'childCategoryList': []}, {'categoryCode': '017018011', 'parentCategoryCode': '017018', 'categoryTitle': '레인코트', 'categoryName': '레인코트', 'count': 158, 'childCategoryList': []}, {'categoryCode': '017018002', 'parentCategoryCode': '017018', 'categoryTitle': '기타 점퍼/재킷', 'categoryName': '기타 점퍼/재킷', 'count': 1590, 'childCategoryList': []}]"
115,017,,스포츠/용품,Sports/Goods,113577,017017,017,스커트,스커트,3386,"[{'categoryCode': '017017002', 'parentCategoryCode': '017017', 'categoryTitle': '미니스커트', 'categoryName': '미니스커트', 'count': 3054, 'childCategoryList': []}, {'categoryCode': '017017003', 'parentCategoryCode': '017017', 'categoryTitle': '미디스커트', 'categoryName': '미디스커트', 'count': 332, 'childCategoryList': []}]"
116,017,,스포츠/용품,Sports/Goods,113577,017019,017,원피스,원피스,636,"[{'categoryCode': '017019002', 'parentCategoryCode': '017019', 'categoryTitle': '미니 원피스', 'categoryName': '미니 원피스', 'count': 460, 'childCategoryList': []}, {'categoryCode': '017019003', 'parentCategoryCode': '017019', 'categoryTitle': '미디 원피스', 'categoryName': '미디 원피스', 'count': 176, 'childCategoryList': []}]"
117,017,,스포츠/용품,Sports/Goods,113577,017021,017,상하의세트,상하의세트,859,
118,017,,스포츠/용품,Sports/Goods,113577,017022,017,수영복/비치웨어,수영복/비치웨어,9524,"[{'categoryCode': '017022003', 'parentCategoryCode': '017022', 'categoryTitle': '래시가드 상의', 'categoryName': '래시가드 상의', 'count': 1840, 'childCategoryList': []}, {'categoryCode': '017022002', 'parentCategoryCode': '017022', 'categoryTitle': '래시가드 하의', 'categoryName': '래시가드 하의', 'count': 899, 'childCategoryList': []}, {'categoryCode': '017022004', 'parentCategoryCode': '017022', 'categoryTitle': '래시가드 세트', 'categoryName': '래시가드 세트', 'count': 391, 'childCategoryList': []}, {'categoryCode': '017022010', 'parentCategoryCode': '017022', 'categoryTitle': '원피스수영복', 'categoryName': '원피스수영복', 'count': 1994, 'childCategoryList': []}, {'categoryCode': '017022007', 'parentCategoryCode': '017022', 'categoryTitle': '비키니', 'categoryName': '비키니', 'count': 1186, 'childCategoryList': []}, {'categoryCode': '017022006', 'parentCategoryCode': '017022', 'categoryTitle': '반신수영복', 'categoryName': '반신수영복', 'count': 1933, 'childCategoryList': []}, {'categoryCode': '017022011', 'parentCategoryCode': '017022', 'categoryTitle': '전신수영복', 'categoryName': '전신수영복', 'count': 1367, 'childCategoryList': []}, {'categoryCode': '017022005', 'parentCategoryCode': '017022', 'categoryTitle': '워터 레깅스', 'categoryName': '워터 레깅스', 'count': 216, 'childCategoryList': []}, {'categoryCode': '017022008', 'parentCategoryCode': '017022', 'categoryTitle': '사각수영복', 'categoryName': '사각수영복', 'count': 1983, 'childCategoryList': []}, {'categoryCode': '017022009', 'parentCategoryCode': '017022', 'categoryTitle': '삼각수영복', 'categoryName': '삼각수영복', 'count': 1220, 'childCategoryList': []}, {'categoryCode': '017022012', 'parentCategoryCode': '017022', 'categoryTitle': '브라탑', 'categoryName': '브라탑', 'count': 80, 'childCategoryList': []}, {'categoryCode': '017022001', 'parentCategoryCode': '017022', 'categoryTitle': '다이빙슈트', 'categoryName': '다이빙슈트', 'count': 12, 'childCategoryList': []}]"
119,017,,스포츠/용품,Sports/Goods,113577,017023,017,스포츠신발,스포츠신발,3826,"[{'categoryCode': '017023001', 'parentCategoryCode': '017023', 'categoryTitle': '골프화', 'categoryName': '골프화', 'count': 870, 'childCategoryList': []}, {'categoryCode': '017023005', 'parentCategoryCode': '017023', 'categoryTitle': '러닝화', 'categoryName': '러닝화', 'count': 944, 'childCategoryList': []}, {'categoryCode': '017023004', 'parentCategoryCode': '017023', 'categoryTitle': '등산/트레킹화', 'categoryName': '등산/트레킹화', 'count': 1169, 'childCategoryList': []}, {'categoryCode': '017023011', 'parentCategoryCode': '017023', 'categoryTitle': '테니스화', 'categoryName': '테니스화', 'count': 154, 'childCategoryList': []}, {'categoryCode': '017023013', 'parentCategoryCode': '017023', 'categoryTitle': '워터스포츠화', 'categoryName': '워터스포츠화', 'count': 144, 'childCategoryList': []}, {'categoryCode': '017023012', 'parentCategoryCode': '017023', 'categoryTitle': '피트니스화', 'categoryName': '피트니스화', 'count': 37, 'childCategoryList': []}, {'categoryCode': '017023010', 'parentCategoryCode': '017023', 'categoryTitle': '축구화', 'categoryName': '축구화', 'count': 126, 'childCategoryList': []}, {'categoryCode': '017023003', 'parentCategoryCode': '017023', 'categoryTitle': '농구화', 'categoryName': '농구화', 'count': 20, 'childCategoryList': []}, {'categoryCode': '017023008', 'parentCategoryCode': '017023', 'categoryTitle': '야구화', 'categoryName': '야구화', 'count': 7, 'childCategoryList': []}, {'categoryCode': '017023009', 'parentCategoryCode': '017023', 'categoryTitle': '자전거화', 'categoryName': '자전거화', 'count': 7, 'childCategoryList': []}, {'categoryCode': '017023007', 'parentCategoryCode': '017023', 'categoryTitle': '보드화', 'categoryName': '보드화', 'count': 63, 'childCategoryList': []}, {'categoryCode': '017023006', 'parentCategoryCode': '017023', 'categoryTitle': '배드민턴화', 'categoryName': '배드민턴화', 'count': 14, 'childCategoryList': []}, {'categoryCode': '017023002', 'parentCategoryCode': '017023', 'categoryTitle': '기타스포츠화', 'categoryName': '기타스포츠화', 'count': 275, 'childCategoryList': []}]"
120,017,,스포츠/용품,Sports/Goods,113577,017024,017,기구/용품/장비,기구/용품/장비,9210,"[{'categoryCode': '017024001', 'parentCategoryCode': '017024', 'categoryTitle': '골프용품', 'categoryName': '골프용품', 'count': 2889, 'childCategoryList': []}, {'categoryCode': '017024013', 'parentCategoryCode': '017024', 'categoryTitle': '스트레칭/마사지', 'categoryName': '스트레칭/마사지', 'count': 299, 'childCategoryList': []}, {'categoryCode': '017024018', 'parentCategoryCode': '017024', 'categoryTitle': '근력 /유산소 용품', 'categoryName': '근력 /유산소 용품', 'count': 325, 'childCategoryList': []}, {'categoryCode': '017024004', 'parentCategoryCode': '017024', 'categoryTitle': '등산용품', 'categoryName': '등산용품', 'count': 441, 'childCategoryList': []}, {'categoryCode': '017024003', 'parentCategoryCode': '017024', 'categoryTitle': '구기 스포츠 용품', 'categoryName': '구기 스포츠 용품', 'count': 83, 'childCategoryList': []}, {'categoryCode': '017024010', 'parentCategoryCode': '017024', 'categoryTitle': '수영/서핑/다이빙 용품', 'categoryName': '수영/서핑/다이빙 용품', 'count': 1543, 'childCategoryList': []}, {'categoryCode': '017024005', 'parentCategoryCode': '017024', 'categoryTitle': '라켓 스포츠 용품', 'categoryName': '라켓 스포츠 용품', 'count': 525, 'childCategoryList': []}, {'categoryCode': '017024006', 'parentCategoryCode': '017024', 'categoryTitle': '라이딩 스포츠 용품', 'categoryName': '라이딩 스포츠 용품', 'count': 1704, 'childCategoryList': []}, {'categoryCode': '017024011', 'parentCategoryCode': '017024', 'categoryTitle': '스키/스노우보드 용품', 'categoryName': '스키/스노우보드 용품', 'count': 83, 'childCategoryList': []}, {'categoryCode': '017024015', 'parentCategoryCode': '017024', 'categoryTitle': '축구용품', 'categoryName': '축구용품', 'count': 173, 'childCategoryList': []}, {'categoryCode': '017024012', 'parentCategoryCode': '017024', 'categoryTitle': '야구용품', 'categoryName': '야구용품', 'count': 163, 'childCategoryList': []}, {'categoryCode': '017024007', 'parentCategoryCode': '017024', 'categoryTitle': '보호대/헬멧/보호용품', 'categoryName': '보호대/헬멧/보호용품', 'count': 528, 'childCategoryList': []}, {'categoryCode': '017024016', 'parentCategoryCode': '017024', 'categoryTitle': '테이프/아대', 'categoryName': '테이프/아대', 'count': 37, 'childCategoryList': []}, {'categoryCode': '017024017', 'parentCategoryCode': '017024', 'categoryTitle': '피트니스 기구', 'categoryName': '피트니스 기구', 'count': 94, 'childCategoryList': []}, {'categoryCode': '017024019', 'parentCategoryCode': '017024', 'categoryTitle': '유지관리용품', 'categoryName': '유지관리용품', 'count': 6, 'childCategoryList': []}, {'categoryCode': '017024002', 'parentCategoryCode': '017024', 'categoryTitle': '기타 스포츠 용품', 'categoryName': '기타 스포츠 용품', 'count': 327, 'childCategoryList': []}]"
121,017,,스포츠/용품,Sports/Goods,113577,017025,017,스포츠가방,스포츠가방,5891,"[{'categoryCode': '017025001', 'parentCategoryCode': '017025', 'categoryTitle': '골프가방', 'categoryName': '골프가방', 'count': 1831, 'childCategoryList': []}, {'categoryCode': '017025019', 'parentCategoryCode': '017025', 'categoryTitle': '보스턴/드럼/더플백', 'categoryName': '보스턴/드럼/더플백', 'count': 809, 'childCategoryList': []}, {'categoryCode': '017025018', 'parentCategoryCode': '017025', 'categoryTitle': '백팩', 'categoryName': '백팩', 'count': 1237, 'childCategoryList': []}, {'categoryCode': '017025017', 'parentCategoryCode': '017025', 'categoryTitle': '메신저/크로스 백', 'categoryName': '메신저/크로스 백', 'count': 560, 'childCategoryList': []}, {'categoryCode': '017025020', 'parentCategoryCode': '017025', 'categoryTitle': '숄더백', 'categoryName': '숄더백', 'count': 168, 'childCategoryList': []}, {'categoryCode': '017025021', 'parentCategoryCode': '017025', 'categoryTitle': '웨이스트 백', 'categoryName': '웨이스트 백', 'count': 202, 'childCategoryList': []}, {'categoryCode': '017025022', 'parentCategoryCode': '017025', 'categoryTitle': '토트백', 'categoryName': '토트백', 'count': 245, 'childCategoryList': []}, {'categoryCode': '017025014', 'parentCategoryCode': '017025', 'categoryTitle': '신발가방', 'categoryName': '신발가방', 'count': 29, 'childCategoryList': []}, {'categoryCode': '017025006', 'parentCategoryCode': '017025', 'categoryTitle': '라켓가방', 'categoryName': '라켓가방', 'count': 156, 'childCategoryList': []}, {'categoryCode': '017025009', 'parentCategoryCode': '017025', 'categoryTitle': '방수가방', 'categoryName': '방수가방', 'count': 173, 'childCategoryList': []}, {'categoryCode': '017025002', 'parentCategoryCode': '017025', 'categoryTitle': '공가방', 'categoryName': '공가방', 'count': 18, 'childCategoryList': []}, {'categoryCode': '017025008', 'parentCategoryCode': '017025', 'categoryTitle': '매트가방', 'categoryName': '매트가방', 'count': 5, 'childCategoryList': []}, {'categoryCode': '017025011', 'parentCategoryCode': '017025', 'categoryTitle': '보드가방', 'categoryName': '보드가방', 'count': 15, 'childCategoryList': []}, {'categoryCode': '017025012', 'parentCategoryCode': '017025', 'categoryTitle': '볼링가방', 'categoryName': '볼링가방', 'count': 1, 'childCategoryList': []}, {'categoryCode': '017025015', 'parentCategoryCode': '017025', 'categoryTitle': '안장가방', 'categoryName': '안장가방', 'count': 18, 'childCategoryList': []}, {'categoryCode': '017025003', 'parentCategoryCode': '017025', 'categoryTitle': '공구가방', 'categoryName': '공구가방', 'count': 4, 'childCategoryList': []}, {'categoryCode': '017025005', 'parentCategoryCode': '017025', 'categoryTitle': '기타가방', 'categoryName': '기타가방', 'count': 409, 'childCategoryList': []}, {'categoryCode': '017025007', 'parentCategoryCode': '017025', 'categoryTitle': '레인커버', 'categoryName': '레인커버', 'count': 11, 'childCategoryList': []}]"
122,017,,스포츠/용품,Sports/Goods,113577,017026,017,스포츠잡화,스포츠잡화,7066,"[{'categoryCode': '017026001', 'parentCategoryCode': '017026', 'categoryTitle': '장갑', 'categoryName': '장갑', 'count': 1270, 'childCategoryList': []}, {'categoryCode': '017026002', 'parentCategoryCode': '017026', 'categoryTitle': '암밴드', 'categoryName': '암밴드', 'count': 24, 'childCategoryList': []}, {'categoryCode': '017026003', 'parentCategoryCode': '017026', 'categoryTitle': '워머', 'categoryName': '워머', 'count': 483, 'childCategoryList': []}, {'categoryCode': '017026004', 'parentCategoryCode': '017026', 'categoryTitle': '토시/슬리브', 'categoryName': '토시/슬리브', 'count': 240, 'childCategoryList': []}, {'categoryCode': '017026005', 'parentCategoryCode': '017026', 'categoryTitle': '반다나/헤어밴드/거트', 'categoryName': '반다나/헤어밴드/거트', 'count': 410, 'childCategoryList': []}, {'categoryCode': '017026006', 'parentCategoryCode': '017026', 'categoryTitle': '양말', 'categoryName': '양말', 'count': 2449, 'childCategoryList': []}, {'categoryCode': '017026007', 'parentCategoryCode': '017026', 'categoryTitle': '신발용품', 'categoryName': '신발용품', 'count': 82, 'childCategoryList': []}, {'categoryCode': '017026008', 'parentCategoryCode': '017026', 'categoryTitle': '물병', 'categoryName': '물병', 'count': 25, 'childCategoryList': []}, {'categoryCode': '017026009', 'parentCategoryCode': '017026', 'categoryTitle': '수건', 'categoryName': '수건', 'count': 141, 'childCategoryList': []}, {'categoryCode': '017026010', 'parentCategoryCode': '017026', 'categoryTitle': '스포츠 선글라스', 'categoryName': '스포츠 선글라스', 'count': 1101, 'childCategoryList': []}, {'categoryCode': '017026012', 'parentCategoryCode': '017026', 'categoryTitle': '스포츠 마스크', 'categoryName': '스포츠 마스크', 'count': 299, 'childCategoryList': []}, {'categoryCode': '017026014', 'parentCategoryCode': '017026', 'categoryTitle': '방한귀마개', 'categoryName': '방한귀마개', 'count': 66, 'childCategoryList': []}, {'categoryCode': '017026015', 'parentCategoryCode': '017026', 'categoryTitle': '스포츠 벨트', 'categoryName': '스포츠 벨트', 'count': 258, 'childCategoryList': []}, {'categoryCode': '017026016', 'parentCategoryCode': '017026', 'categoryTitle': '기타 잡화', 'categoryName': '기타 잡화', 'count': 218, 'childCategoryList': []}]"
123,017,,스포츠/용품,Sports/Goods,113577,017027,017,스포츠모자,스포츠모자,6971,"[{'categoryCode': '017027004', 'parentCategoryCode': '017027', 'categoryTitle': '볼캡', 'categoryName': '볼캡', 'count': 3184, 'childCategoryList': []}, {'categoryCode': '017027003', 'parentCategoryCode': '017027', 'categoryTitle': '선캡 / 바이저', 'categoryName': '선캡 / 바이저', 'count': 1197, 'childCategoryList': []}, {'categoryCode': '017027002', 'parentCategoryCode': '017027', 'categoryTitle': '비니', 'categoryName': '비니', 'count': 431, 'childCategoryList': []}, {'categoryCode': '017027001', 'parentCategoryCode': '017027', 'categoryTitle': '버킷햇', 'categoryName': '버킷햇', 'count': 1675, 'childCategoryList': []}, {'categoryCode': '017027005', 'parentCategoryCode': '017027', 'categoryTitle': '스냅백', 'categoryName': '스냅백', 'count': 134, 'childCategoryList': []}, {'categoryCode': '017027006', 'parentCategoryCode': '017027', 'categoryTitle': '트루퍼', 'categoryName': '트루퍼', 'count': 137, 'childCategoryList': []}, {'categoryCode': '017027007', 'parentCategoryCode': '017027', 'categoryTitle': '기타 모자', 'categoryName': '기타 모자', 'count': 213, 'childCategoryList': []}]"
124,017,,스포츠/용품,Sports/Goods,113577,017028,017,캠핑용품,캠핑용품,6420,"[{'categoryCode': '017028011', 'parentCategoryCode': '017028', 'categoryTitle': '텐트/타프', 'categoryName': '텐트/타프', 'count': 1128, 'childCategoryList': []}, {'categoryCode': '017028002', 'parentCategoryCode': '017028', 'categoryTitle': '가구/수납', 'categoryName': '가구/수납', 'count': 1590, 'childCategoryList': []}, {'categoryCode': '017028008', 'parentCategoryCode': '017028', 'categoryTitle': '침낭/매트/해먹', 'categoryName': '침낭/매트/해먹', 'count': 616, 'childCategoryList': []}, {'categoryCode': '017028005', 'parentCategoryCode': '017028', 'categoryTitle': '랜턴/손전등', 'categoryName': '랜턴/손전등', 'count': 307, 'childCategoryList': []}, {'categoryCode': '017028006', 'parentCategoryCode': '017028', 'categoryTitle': '식기/용기', 'categoryName': '식기/용기', 'count': 513, 'childCategoryList': []}, {'categoryCode': '017028007', 'parentCategoryCode': '017028', 'categoryTitle': '조리도구', 'categoryName': '조리도구', 'count': 554, 'childCategoryList': []}, {'categoryCode': '017028003', 'parentCategoryCode': '017028', 'categoryTitle': '그릴/오븐/연료', 'categoryName': '그릴/오븐/연료', 'count': 380, 'childCategoryList': []}, {'categoryCode': '017028009', 'parentCategoryCode': '017028', 'categoryTitle': '캠핑 가전', 'categoryName': '캠핑 가전', 'count': 138, 'childCategoryList': []}, {'categoryCode': '017028010', 'parentCategoryCode': '017028', 'categoryTitle': '캠핑 공구', 'categoryName': '캠핑 공구', 'count': 466, 'childCategoryList': []}, {'categoryCode': '017028004', 'parentCategoryCode': '017028', 'categoryTitle': '기타 용품', 'categoryName': '기타 용품', 'count': 728, 'childCategoryList': []}]"
125,017,,스포츠/용품,Sports/Goods,113577,017029,017,낚시용품,낚시용품,1065,"[{'categoryCode': '017029001', 'parentCategoryCode': '017029', 'categoryTitle': '바다낚시', 'categoryName': '바다낚시', 'count': 170, 'childCategoryList': []}, {'categoryCode': '017029002', 'parentCategoryCode': '017029', 'categoryTitle': '민물낚시', 'categoryName': '민물낚시', 'count': 284, 'childCategoryList': []}, {'categoryCode': '017029003', 'parentCategoryCode': '017029', 'categoryTitle': '낚시릴', 'categoryName': '낚시릴', 'count': 121, 'childCategoryList': []}, {'categoryCode': '017029004', 'parentCategoryCode': '017029', 'categoryTitle': '낚시줄', 'categoryName': '낚시줄', 'count': 84, 'childCategoryList': []}, {'categoryCode': '017029005', 'parentCategoryCode': '017029', 'categoryTitle': '공통장비', 'categoryName': '공통장비', 'count': 127, 'childCategoryList': []}, {'categoryCode': '017029006', 'parentCategoryCode': '017029', 'categoryTitle': '낚시가방', 'categoryName': '낚시가방', 'count': 46, 'childCategoryList': []}, {'categoryCode': '017029007', 'parentCategoryCode': '017029', 'categoryTitle': '낚시화', 'categoryName': '낚시화', 'count': 17, 'childCategoryList': []}, {'categoryCode': '017029008', 'parentCategoryCode': '017029', 'categoryTitle': '낚시잡화', 'categoryName': '낚시잡화', 'count': 216, 'childCategoryList': []}]"
126,007,,모자,Headwear,39979,007,,전체,Headwear,39979,
127,007,,모자,Headwear,39979,007001,007,캡/야구 모자,캡/야구 모자,22283,
128,007,,모자,Headwear,39979,007002,007,헌팅캡/베레모,헌팅캡/베레모,1000,
129,007,,모자,Headwear,39979,007003,007,페도라,페도라,396,
130,007,,모자,Headwear,39979,007004,007,버킷/사파리햇,버킷/사파리햇,7220,
131,007,,모자,Headwear,39979,007005,007,비니,비니,5070,
132,007,,모자,Headwear,39979,007007,007,트루퍼,트루퍼,581,
133,007,,모자,Headwear,39979,007006,007,기타 모자,기타 모자,3429,
134,008,,양말/레그웨어,Socks/Legwear,11248,008,,전체,Socks/Legwear,11248,
135,008,,양말/레그웨어,Socks/Legwear,11248,008001,008,양말,양말,10927,
136,008,,양말/레그웨어,Socks/Legwear,11248,008002,008,스타킹,스타킹,321,
137,026,,속옷,Underwear,11951,026,,전체,Underwear,11951,
138,026,,속옷,Underwear,11951,026001,026,여성 속옷 상의,여성 속옷 상의,1441,
139,026,,속옷,Underwear,11951,026002,026,여성 속옷 하의,여성 속옷 하의,1679,
140,026,,속옷,Underwear,11951,026003,026,여성 속옷 세트,여성 속옷 세트,1370,
141,026,,속옷,Underwear,11951,026004,026,남성 속옷,남성 속옷,2427,
142,026,,속옷,Underwear,11951,026005,026,홈웨어,홈웨어,5034,
143,009,,선글라스/안경테,Eyewear,16558,009,,전체,Eyewear,16558,
144,009,,선글라스/안경테,Eyewear,16558,009002,009,안경,안경,8543,
145,009,,선글라스/안경테,Eyewear,16558,009001,009,선글라스,선글라스,7754,
146,009,,선글라스/안경테,Eyewear,16558,009003,009,안경 소품,안경 소품,261,
147,011,,액세서리,Accessory,15446,011,,전체,Accessory,15446,
148,011,,액세서리,Accessory,15446,011015,011,마스크,마스크,810,
149,011,,액세서리,Accessory,15446,011012,011,키링/키케이스,키링/키케이스,2699,
150,011,,액세서리,Accessory,15446,011007,011,벨트,벨트,2576,
151,011,,액세서리,Accessory,15446,011009,011,넥타이,넥타이,2003,
152,011,,액세서리,Accessory,15446,011010,011,머플러,머플러,3141,
153,011,,액세서리,Accessory,15446,011014,011,스카프/반다나,스카프/반다나,1236,
154,011,,액세서리,Accessory,15446,011011,011,장갑,장갑,1709,
155,011,,액세서리,Accessory,15446,011006,011,기타 액세서리,기타 액세서리,1272,
156,006,,시계,Watch,7968,006,,전체,Watch,7968,
157,006,,시계,Watch,7968,006003,006,디지털,디지털,887,
158,006,,시계,Watch,7968,006004,006,쿼츠 아날로그,쿼츠 아날로그,5296,
159,006,,시계,Watch,7968,006005,006,오토매틱 아날로그,오토매틱 아날로그,281,
160,006,,시계,Watch,7968,006006,006,시계 용품,시계 용품,1082,
161,006,,시계,Watch,7968,006002,006,기타 시계,기타 시계,422,
162,025,,주얼리,Jewelry,48764,025,,전체,Jewelry,48764,
163,025,,주얼리,Jewelry,48764,025001,025,팔찌,팔찌,9545,
164,025,,주얼리,Jewelry,48764,025002,025,반지,반지,8383,
165,025,,주얼리,Jewelry,48764,025003,025,목걸이/펜던트,목걸이/펜던트,14759,
166,025,,주얼리,Jewelry,48764,025004,025,귀걸이,귀걸이,11973,
167,025,,주얼리,Jewelry,48764,025005,025,발찌,발찌,535,
168,025,,주얼리,Jewelry,48764,025006,025,브로치/배지,브로치/배지,411,
169,025,,주얼리,Jewelry,48764,025007,025,헤어 액세서리,헤어 액세서리,3158,
170,015,,뷰티,Beauty,24970,015,,전체,Beauty,24970,
171,015,,뷰티,Beauty,24970,015002,015,스킨케어,스킨케어,6741,"[{'categoryCode': '015002001', 'parentCategoryCode': '015002', 'categoryTitle': '스킨/토너', 'categoryName': '스킨/토너', 'count': 766, 'childCategoryList': []}, {'categoryCode': '015002002', 'parentCategoryCode': '015002', 'categoryTitle': '로션', 'categoryName': '로션', 'count': 332, 'childCategoryList': []}, {'categoryCode': '015002003', 'parentCategoryCode': '015002', 'categoryTitle': '에센스/세럼/앰플', 'categoryName': '에센스/세럼/앰플', 'count': 1291, 'childCategoryList': []}, {'categoryCode': '015002004', 'parentCategoryCode': '015002', 'categoryTitle': '크림', 'categoryName': '크림', 'count': 1235, 'childCategoryList': []}, {'categoryCode': '015002005', 'parentCategoryCode': '015002', 'categoryTitle': '미스트', 'categoryName': '미스트', 'count': 148, 'childCategoryList': []}, {'categoryCode': '015002006', 'parentCategoryCode': '015002', 'categoryTitle': '페이스 오일', 'categoryName': '페이스 오일', 'count': 62, 'childCategoryList': []}, {'categoryCode': '015002007', 'parentCategoryCode': '015002', 'categoryTitle': '아이 크림/스팟케어', 'categoryName': '아이 크림/스팟케어', 'count': 278, 'childCategoryList': []}, {'categoryCode': '015002010', 'parentCategoryCode': '015002', 'categoryTitle': '올인원', 'categoryName': '올인원', 'count': 156, 'childCategoryList': []}, {'categoryCode': '015002008', 'parentCategoryCode': '015002', 'categoryTitle': '선케어', 'categoryName': '선케어', 'count': 739, 'childCategoryList': []}, {'categoryCode': '015002009', 'parentCategoryCode': '015002', 'categoryTitle': '마스크팩', 'categoryName': '마스크팩', 'count': 1001, 'childCategoryList': []}, {'categoryCode': '015002011', 'parentCategoryCode': '015002', 'categoryTitle': '기획 세트', 'categoryName': '기획 세트', 'count': 462, 'childCategoryList': []}, {'categoryCode': '015002012', 'parentCategoryCode': '015002', 'categoryTitle': '패드', 'categoryName': '패드', 'count': 271, 'childCategoryList': []}]"
172,015,,뷰티,Beauty,24970,015009,015,클렌징,클렌징,1533,"[{'categoryCode': '015009001', 'parentCategoryCode': '015009', 'categoryTitle': '클렌징 폼/젤', 'categoryName': '클렌징 폼/젤', 'count': 747, 'childCategoryList': []}, {'categoryCode': '015009002', 'parentCategoryCode': '015009', 'categoryTitle': '클렌징 워터/오일', 'categoryName': '클렌징 워터/오일', 'count': 246, 'childCategoryList': []}, {'categoryCode': '015009003', 'parentCategoryCode': '015009', 'categoryTitle': '클렌징 티슈/패드', 'categoryName': '클렌징 티슈/패드', 'count': 104, 'childCategoryList': []}, {'categoryCode': '015009006', 'parentCategoryCode': '015009', 'categoryTitle': '클렌징 로션/크림', 'categoryName': '클렌징 로션/크림', 'count': 87, 'childCategoryList': []}, {'categoryCode': '015009004', 'parentCategoryCode': '015009', 'categoryTitle': '비누', 'categoryName': '비누', 'count': 180, 'childCategoryList': []}, {'categoryCode': '015009005', 'parentCategoryCode': '015009', 'categoryTitle': '필링/스크럽', 'categoryName': '필링/스크럽', 'count': 119, 'childCategoryList': []}, {'categoryCode': '015009007', 'parentCategoryCode': '015009', 'categoryTitle': '립&아이 리무버', 'categoryName': '립&아이 리무버', 'count': 50, 'childCategoryList': []}]"
173,015,,뷰티,Beauty,24970,015006,015,베이스 메이크업,베이스 메이크업,1369,"[{'categoryCode': '015006001', 'parentCategoryCode': '015006', 'categoryTitle': '베이스/프라이머', 'categoryName': '베이스/프라이머', 'count': 187, 'childCategoryList': []}, {'categoryCode': '015006002', 'parentCategoryCode': '015006', 'categoryTitle': '컨실러', 'categoryName': '컨실러', 'count': 97, 'childCategoryList': []}, {'categoryCode': '015006003', 'parentCategoryCode': '015006', 'categoryTitle': 'BB크림/CC크림', 'categoryName': 'BB크림/CC크림', 'count': 88, 'childCategoryList': []}, {'categoryCode': '015006004', 'parentCategoryCode': '015006', 'categoryTitle': '파운데이션/쿠션', 'categoryName': '파운데이션/쿠션', 'count': 552, 'childCategoryList': []}, {'categoryCode': '015006005', 'parentCategoryCode': '015006', 'categoryTitle': '파우더/콤팩트', 'categoryName': '파우더/콤팩트', 'count': 157, 'childCategoryList': []}, {'categoryCode': '015006006', 'parentCategoryCode': '015006', 'categoryTitle': '하이라이터/셰이딩', 'categoryName': '하이라이터/셰이딩', 'count': 103, 'childCategoryList': []}, {'categoryCode': '015006008', 'parentCategoryCode': '015006', 'categoryTitle': '메이크업 픽서', 'categoryName': '메이크업 픽서', 'count': 33, 'childCategoryList': []}, {'categoryCode': '015006007', 'parentCategoryCode': '015006', 'categoryTitle': '블러셔', 'categoryName': '블러셔', 'count': 152, 'childCategoryList': []}]"
174,015,,뷰티,Beauty,24970,015016,015,포인트 메이크업,포인트 메이크업,2160,"[{'categoryCode': '015016001', 'parentCategoryCode': '015016', 'categoryTitle': '립글로스', 'categoryName': '립글로스', 'count': 68, 'childCategoryList': []}, {'categoryCode': '015016002', 'parentCategoryCode': '015016', 'categoryTitle': '립밤', 'categoryName': '립밤', 'count': 349, 'childCategoryList': []}, {'categoryCode': '015016003', 'parentCategoryCode': '015016', 'categoryTitle': '립스틱', 'categoryName': '립스틱', 'count': 173, 'childCategoryList': []}, {'categoryCode': '015016004', 'parentCategoryCode': '015016', 'categoryTitle': '립라이너', 'categoryName': '립라이너', 'count': 20, 'childCategoryList': []}, {'categoryCode': '015016005', 'parentCategoryCode': '015016', 'categoryTitle': '립틴트', 'categoryName': '립틴트', 'count': 440, 'childCategoryList': []}, {'categoryCode': '015016006', 'parentCategoryCode': '015016', 'categoryTitle': '아이라이너', 'categoryName': '아이라이너', 'count': 207, 'childCategoryList': []}, {'categoryCode': '015016007', 'parentCategoryCode': '015016', 'categoryTitle': '마스카라', 'categoryName': '마스카라', 'count': 192, 'childCategoryList': []}, {'categoryCode': '015016008', 'parentCategoryCode': '015016', 'categoryTitle': '아이섀도', 'categoryName': '아이섀도', 'count': 333, 'childCategoryList': []}, {'categoryCode': '015016009', 'parentCategoryCode': '015016', 'categoryTitle': '아이브로', 'categoryName': '아이브로', 'count': 176, 'childCategoryList': []}, {'categoryCode': '015016010', 'parentCategoryCode': '015016', 'categoryTitle': '네일 컬러/케어', 'categoryName': '네일 컬러/케어', 'count': 202, 'childCategoryList': []}]"
175,015,,뷰티,Beauty,24970,015010,015,바디케어,바디케어,3326,"[{'categoryCode': '015010001', 'parentCategoryCode': '015010', 'categoryTitle': '바디 워시/스크럽', 'categoryName': '바디 워시/스크럽', 'count': 1120, 'childCategoryList': []}, {'categoryCode': '015010002', 'parentCategoryCode': '015010', 'categoryTitle': '바디 로션/크림', 'categoryName': '바디 로션/크림', 'count': 491, 'childCategoryList': []}, {'categoryCode': '015010003', 'parentCategoryCode': '015010', 'categoryTitle': '바디 미스트/오일', 'categoryName': '바디 미스트/오일', 'count': 243, 'childCategoryList': []}, {'categoryCode': '015010004', 'parentCategoryCode': '015010', 'categoryTitle': '풋/핸드케어', 'categoryName': '풋/핸드케어', 'count': 820, 'childCategoryList': []}, {'categoryCode': '015010005', 'parentCategoryCode': '015010', 'categoryTitle': '데오드란트/청결제', 'categoryName': '데오드란트/청결제', 'count': 235, 'childCategoryList': []}, {'categoryCode': '015010006', 'parentCategoryCode': '015010', 'categoryTitle': '립케어', 'categoryName': '립케어', 'count': 417, 'childCategoryList': []}]"
176,015,,뷰티,Beauty,24970,015011,015,쉐이빙/제모,쉐이빙/제모,208,"[{'categoryCode': '015011001', 'parentCategoryCode': '015011', 'categoryTitle': '쉐이빙', 'categoryName': '쉐이빙', 'count': 133, 'childCategoryList': []}, {'categoryCode': '015011002', 'parentCategoryCode': '015011', 'categoryTitle': '제모/왁싱', 'categoryName': '제모/왁싱', 'count': 75, 'childCategoryList': []}]"
177,015,,뷰티,Beauty,24970,015001,015,헤어케어,헤어케어,2669,"[{'categoryCode': '015001001', 'parentCategoryCode': '015001', 'categoryTitle': '샴푸/린스', 'categoryName': '샴푸/린스', 'count': 1162, 'childCategoryList': []}, {'categoryCode': '015001007', 'parentCategoryCode': '015001', 'categoryTitle': '탈모케어', 'categoryName': '탈모케어', 'count': 137, 'childCategoryList': []}, {'categoryCode': '015001002', 'parentCategoryCode': '015001', 'categoryTitle': '트리트먼트/팩/에센스', 'categoryName': '트리트먼트/팩/에센스', 'count': 892, 'childCategoryList': []}, {'categoryCode': '015001003', 'parentCategoryCode': '015001', 'categoryTitle': '스타일링', 'categoryName': '스타일링', 'count': 388, 'childCategoryList': []}, {'categoryCode': '015001004', 'parentCategoryCode': '015001', 'categoryTitle': '염모/펌/코팅', 'categoryName': '염모/펌/코팅', 'count': 90, 'childCategoryList': []}]"
178,015,,뷰티,Beauty,24970,015007,015,향수/탈취,향수/탈취,2719,"[{'categoryCode': '015007001', 'parentCategoryCode': '015007', 'categoryTitle': '향수', 'categoryName': '향수', 'count': 2348, 'childCategoryList': []}, {'categoryCode': '015007002', 'parentCategoryCode': '015007', 'categoryTitle': '드레스퍼퓸', 'categoryName': '드레스퍼퓸', 'count': 334, 'childCategoryList': []}, {'categoryCode': '015007003', 'parentCategoryCode': '015007', 'categoryTitle': '기타향수', 'categoryName': '기타향수', 'count': 37, 'childCategoryList': []}]"
179,015,,뷰티,Beauty,24970,015014,015,뷰티 디바이스,뷰티 디바이스,1061,"[{'categoryCode': '015014001', 'parentCategoryCode': '015014', 'categoryTitle': '헤어기기', 'categoryName': '헤어기기', 'count': 465, 'childCategoryList': []}, {'categoryCode': '015014002', 'parentCategoryCode': '015014', 'categoryTitle': '구강청정기기', 'categoryName': '구강청정기기', 'count': 119, 'childCategoryList': []}, {'categoryCode': '015014003', 'parentCategoryCode': '015014', 'categoryTitle': '면도/제모기', 'categoryName': '면도/제모기', 'count': 243, 'childCategoryList': []}, {'categoryCode': '015014004', 'parentCategoryCode': '015014', 'categoryTitle': '피부 관리기기', 'categoryName': '피부 관리기기', 'count': 136, 'childCategoryList': []}, {'categoryCode': '015014005', 'parentCategoryCode': '015014', 'categoryTitle': '마사지기', 'categoryName': '마사지기', 'count': 89, 'childCategoryList': []}, {'categoryCode': '015014006', 'parentCategoryCode': '015014', 'categoryTitle': '네일 관리기기', 'categoryName': '네일 관리기기', 'count': 9, 'childCategoryList': []}]"
180,015,,뷰티,Beauty,24970,015012,015,다이어트/헬스,다이어트/헬스,527,"[{'categoryCode': '015012001', 'parentCategoryCode': '015012', 'categoryTitle': '건강식품', 'categoryName': '건강식품', 'count': 430, 'childCategoryList': []}, {'categoryCode': '015012002', 'parentCategoryCode': '015012', 'categoryTitle': '이너뷰티', 'categoryName': '이너뷰티', 'count': 97, 'childCategoryList': []}]"
181,015,,뷰티,Beauty,24970,015013,015,미용 소품,미용 소품,2555,"[{'categoryCode': '015013003', 'parentCategoryCode': '015013', 'categoryTitle': '기타 미용 소품', 'categoryName': '기타 미용 소품', 'count': 1449, 'childCategoryList': []}, {'categoryCode': '015013001', 'parentCategoryCode': '015013', 'categoryTitle': '헤어 소품', 'categoryName': '헤어 소품', 'count': 243, 'childCategoryList': []}, {'categoryCode': '015013002', 'parentCategoryCode': '015013', 'categoryTitle': '네일 소품', 'categoryName': '네일 소품', 'count': 863, 'childCategoryList': []}]"
182,015,,뷰티,Beauty,24970,015015,015,덴탈케어,덴탈케어,519,"[{'categoryCode': '015015001', 'parentCategoryCode': '015015', 'categoryTitle': '치약', 'categoryName': '치약', 'count': 234, 'childCategoryList': []}, {'categoryCode': '015015002', 'parentCategoryCode': '015015', 'categoryTitle': '칫솔', 'categoryName': '칫솔', 'count': 145, 'childCategoryList': []}, {'categoryCode': '015015003', 'parentCategoryCode': '015015', 'categoryTitle': '구강청결용품', 'categoryName': '구강청결용품', 'count': 110, 'childCategoryList': []}, {'categoryCode': '015015004', 'parentCategoryCode': '015015', 'categoryTitle': '기타 덴탈케어', 'categoryName': '기타 덴탈케어', 'count': 30, 'childCategoryList': []}]"
183,012,,디지털/테크,Digital/Tech,57301,012,,전체,Digital/Tech,57301,
184,012,,디지털/테크,Digital/Tech,57301,012018,012,음향가전,음향가전,4686,"[{'categoryCode': '012018001', 'parentCategoryCode': '012018', 'categoryTitle': '이어폰', 'categoryName': '이어폰', 'count': 300, 'childCategoryList': []}, {'categoryCode': '012018002', 'parentCategoryCode': '012018', 'categoryTitle': '헤드폰', 'categoryName': '헤드폰', 'count': 272, 'childCategoryList': []}, {'categoryCode': '012018003', 'parentCategoryCode': '012018', 'categoryTitle': '스피커', 'categoryName': '스피커', 'count': 370, 'childCategoryList': []}, {'categoryCode': '012018004', 'parentCategoryCode': '012018', 'categoryTitle': '홈시어터 / 오디오', 'categoryName': '홈시어터 / 오디오', 'count': 13, 'childCategoryList': []}, {'categoryCode': '012018005', 'parentCategoryCode': '012018', 'categoryTitle': '턴테이블', 'categoryName': '턴테이블', 'count': 21, 'childCategoryList': []}, {'categoryCode': '012018006', 'parentCategoryCode': '012018', 'categoryTitle': '마이크', 'categoryName': '마이크', 'count': 57, 'childCategoryList': []}, {'categoryCode': '012018007', 'parentCategoryCode': '012018', 'categoryTitle': '음향기기 액세서리', 'categoryName': '음향기기 액세서리', 'count': 3644, 'childCategoryList': []}, {'categoryCode': '012018008', 'parentCategoryCode': '012018', 'categoryTitle': '기타 음향가전', 'categoryName': '기타 음향가전', 'count': 3653, 'childCategoryList': []}]"
185,012,,디지털/테크,Digital/Tech,57301,012019,012,휴대폰,휴대폰,44804,"[{'categoryCode': '012019001', 'parentCategoryCode': '012019', 'categoryTitle': '휴대폰', 'categoryName': '휴대폰', 'count': 45, 'childCategoryList': []}, {'categoryCode': '012019002', 'parentCategoryCode': '012019', 'categoryTitle': '휴대폰 케이스', 'categoryName': '휴대폰 케이스', 'count': 31856, 'childCategoryList': []}, {'categoryCode': '012019003', 'parentCategoryCode': '012019', 'categoryTitle': '보호필름', 'categoryName': '보호필름', 'count': 966, 'childCategoryList': []}, {'categoryCode': '012019004', 'parentCategoryCode': '012019', 'categoryTitle': '셀카봉 / 거치대', 'categoryName': '셀카봉 / 거치대', 'count': 3982, 'childCategoryList': []}, {'categoryCode': '012019005', 'parentCategoryCode': '012019', 'categoryTitle': '보조배터리', 'categoryName': '보조배터리', 'count': 533, 'childCategoryList': []}, {'categoryCode': '012019006', 'parentCategoryCode': '012019', 'categoryTitle': '케이블 / 충전기', 'categoryName': '케이블 / 충전기', 'count': 1137, 'childCategoryList': []}, {'categoryCode': '012019007', 'parentCategoryCode': '012019', 'categoryTitle': '기타 휴대폰 액세서리', 'categoryName': '기타 휴대폰 액세서리', 'count': 6285, 'childCategoryList': []}]"
186,012,,디지털/테크,Digital/Tech,57301,012020,012,스마트기기,스마트기기,625,"[{'categoryCode': '012020001', 'parentCategoryCode': '012020', 'categoryTitle': '스마트워치', 'categoryName': '스마트워치', 'count': 18, 'childCategoryList': []}, {'categoryCode': '012020002', 'parentCategoryCode': '012020', 'categoryTitle': '스마트워치 액세서리', 'categoryName': '스마트워치 액세서리', 'count': 603, 'childCategoryList': []}, {'categoryCode': '012020003', 'parentCategoryCode': '012020', 'categoryTitle': '기타 스마트기기', 'categoryName': '기타 스마트기기', 'count': 4, 'childCategoryList': []}]"
187,012,,디지털/테크,Digital/Tech,57301,012021,012,태블릿,태블릿,1423,"[{'categoryCode': '012021001', 'parentCategoryCode': '012021', 'categoryTitle': '태블릿', 'categoryName': '태블릿', 'count': 18, 'childCategoryList': []}, {'categoryCode': '012021002', 'parentCategoryCode': '012021', 'categoryTitle': '태블릿 액세서리', 'categoryName': '태블릿 액세서리', 'count': 1405, 'childCategoryList': []}]"
188,012,,디지털/테크,Digital/Tech,57301,012022,012,TV/영상가전,TV/영상가전,326,"[{'categoryCode': '012022001', 'parentCategoryCode': '012022', 'categoryTitle': 'TV', 'categoryName': 'TV', 'count': 51, 'childCategoryList': []}, {'categoryCode': '012022002', 'parentCategoryCode': '012022', 'categoryTitle': '빔 프로젝터', 'categoryName': '빔 프로젝터', 'count': 27, 'childCategoryList': []}, {'categoryCode': '012022003', 'parentCategoryCode': '012022', 'categoryTitle': 'TV/영상가전 액세서리', 'categoryName': 'TV/영상가전 액세서리', 'count': 248, 'childCategoryList': []}]"
189,012,,디지털/테크,Digital/Tech,57301,012023,012,컴퓨터,컴퓨터,2065,"[{'categoryCode': '012023001', 'parentCategoryCode': '012023', 'categoryTitle': '노트북', 'categoryName': '노트북', 'count': 75, 'childCategoryList': []}, {'categoryCode': '012023002', 'parentCategoryCode': '012023', 'categoryTitle': '데스크톱', 'categoryName': '데스크톱', 'count': 8, 'childCategoryList': []}, {'categoryCode': '012023003', 'parentCategoryCode': '012023', 'categoryTitle': '모니터', 'categoryName': '모니터', 'count': 92, 'childCategoryList': []}, {'categoryCode': '012023004', 'parentCategoryCode': '012023', 'categoryTitle': '컴퓨터 주변기기', 'categoryName': '컴퓨터 주변기기', 'count': 1389, 'childCategoryList': []}, {'categoryCode': '012023005', 'parentCategoryCode': '012023', 'categoryTitle': '저장장치', 'categoryName': '저장장치', 'count': 112, 'childCategoryList': []}, {'categoryCode': '012023006', 'parentCategoryCode': '012023', 'categoryTitle': '프린터 / 복합기', 'categoryName': '프린터 / 복합기', 'count': 62, 'childCategoryList': []}, {'categoryCode': '012023007', 'parentCategoryCode': '012023', 'categoryTitle': '기타 컴퓨터용품', 'categoryName': '기타 컴퓨터용품', 'count': 327, 'childCategoryList': []}]"
190,012,,디지털/테크,Digital/Tech,57301,012024,012,카메라,카메라,807,"[{'categoryCode': '012024001', 'parentCategoryCode': '012024', 'categoryTitle': 'DSLR / 미러리스', 'categoryName': 'DSLR / 미러리스', 'count': 6, 'childCategoryList': []}, {'categoryCode': '012024002', 'parentCategoryCode': '012024', 'categoryTitle': '하이엔드 / 컴팩트', 'categoryName': '하이엔드 / 컴팩트', 'count': 2, 'childCategoryList': []}, {'categoryCode': '012024003', 'parentCategoryCode': '012024', 'categoryTitle': '즉석 / 기타 카메라', 'categoryName': '즉석 / 기타 카메라', 'count': 90, 'childCategoryList': []}, {'categoryCode': '012024004', 'parentCategoryCode': '012024', 'categoryTitle': '카메라렌즈 / 렌즈용품', 'categoryName': '카메라렌즈 / 렌즈용품', 'count': 1, 'childCategoryList': []}, {'categoryCode': '012024005', 'parentCategoryCode': '012024', 'categoryTitle': '액션캠 / 캠코더 / 캠코더용품', 'categoryName': '액션캠 / 캠코더 / 캠코더용품', 'count': 39, 'childCategoryList': []}, {'categoryCode': '012024006', 'parentCategoryCode': '012024', 'categoryTitle': '카메라 액세서리', 'categoryName': '카메라 액세서리', 'count': 669, 'childCategoryList': []}]"
191,012,,디지털/테크,Digital/Tech,57301,012025,012,생활가전,생활가전,667,"[{'categoryCode': '012025001', 'parentCategoryCode': '012025', 'categoryTitle': '세탁기 / 건조기', 'categoryName': '세탁기 / 건조기', 'count': 85, 'childCategoryList': []}, {'categoryCode': '012025002', 'parentCategoryCode': '012025', 'categoryTitle': '청소기 / 청소기부품', 'categoryName': '청소기 / 청소기부품', 'count': 111, 'childCategoryList': []}, {'categoryCode': '012025003', 'parentCategoryCode': '012025', 'categoryTitle': '공기청정기', 'categoryName': '공기청정기', 'count': 130, 'childCategoryList': []}, {'categoryCode': '012025004', 'parentCategoryCode': '012025', 'categoryTitle': '다리미 / 보풀제거기', 'categoryName': '다리미 / 보풀제거기', 'count': 56, 'childCategoryList': []}, {'categoryCode': '012025005', 'parentCategoryCode': '012025', 'categoryTitle': '안마 / 찜질기', 'categoryName': '안마 / 찜질기', 'count': 55, 'childCategoryList': []}, {'categoryCode': '012025006', 'parentCategoryCode': '012025', 'categoryTitle': '기타 생활가전', 'categoryName': '기타 생활가전', 'count': 230, 'childCategoryList': []}]"
192,012,,디지털/테크,Digital/Tech,57301,012026,012,주방가전,주방가전,563,"[{'categoryCode': '012026001', 'parentCategoryCode': '012026', 'categoryTitle': '냉장고', 'categoryName': '냉장고', 'count': 79, 'childCategoryList': []}, {'categoryCode': '012026002', 'parentCategoryCode': '012026', 'categoryTitle': '전기밥솥', 'categoryName': '전기밥솥', 'count': 69, 'childCategoryList': []}, {'categoryCode': '012026003', 'parentCategoryCode': '012026', 'categoryTitle': '에어프라이어', 'categoryName': '에어프라이어', 'count': 29, 'childCategoryList': []}, {'categoryCode': '012026004', 'parentCategoryCode': '012026', 'categoryTitle': '전자레인지 / 오븐', 'categoryName': '전자레인지 / 오븐', 'count': 20, 'childCategoryList': []}, {'categoryCode': '012026005', 'parentCategoryCode': '012026', 'categoryTitle': '가스레인지 / 인덕션', 'categoryName': '가스레인지 / 인덕션', 'count': 26, 'childCategoryList': []}, {'categoryCode': '012026006', 'parentCategoryCode': '012026', 'categoryTitle': '식기세척 / 건조기', 'categoryName': '식기세척 / 건조기', 'count': 14, 'childCategoryList': []}, {'categoryCode': '012026007', 'parentCategoryCode': '012026', 'categoryTitle': '음식물처리기', 'categoryName': '음식물처리기', 'count': 9, 'childCategoryList': []}, {'categoryCode': '012026008', 'parentCategoryCode': '012026', 'categoryTitle': '믹서기 / 블렌더', 'categoryName': '믹서기 / 블렌더', 'count': 66, 'childCategoryList': []}, {'categoryCode': '012026009', 'parentCategoryCode': '012026', 'categoryTitle': '커피메이커 / 머신', 'categoryName': '커피메이커 / 머신', 'count': 60, 'childCategoryList': []}, {'categoryCode': '012026010', 'parentCategoryCode': '012026', 'categoryTitle': '정수기', 'categoryName': '정수기', 'count': 11, 'childCategoryList': []}, {'categoryCode': '012026011', 'parentCategoryCode': '012026', 'categoryTitle': '진공포장기 / 수비드', 'categoryName': '진공포장기 / 수비드', 'count': 6, 'childCategoryList': []}, {'categoryCode': '012026012', 'parentCategoryCode': '012026', 'categoryTitle': '전기포트', 'categoryName': '전기포트', 'count': 57, 'childCategoryList': []}, {'categoryCode': '012026013', 'parentCategoryCode': '012026', 'categoryTitle': '전기그릴 / 전기팬', 'categoryName': '전기그릴 / 전기팬', 'count': 16, 'childCategoryList': []}, {'categoryCode': '012026014', 'parentCategoryCode': '012026', 'categoryTitle': '토스터기', 'categoryName': '토스터기', 'count': 28, 'childCategoryList': []}, {'categoryCode': '012026016', 'parentCategoryCode': '012026', 'categoryTitle': '기타 주방가전', 'categoryName': '기타 주방가전', 'count': 73, 'childCategoryList': []}]"
193,012,,디지털/테크,Digital/Tech,57301,012027,012,계절가전,계절가전,528,"[{'categoryCode': '012027001', 'parentCategoryCode': '012027', 'categoryTitle': '에어컨', 'categoryName': '에어컨', 'count': 20, 'childCategoryList': []}, {'categoryCode': '012027002', 'parentCategoryCode': '012027', 'categoryTitle': '선풍기 / 서큘레이터', 'categoryName': '선풍기 / 서큘레이터', 'count': 175, 'childCategoryList': []}, {'categoryCode': '012027003', 'parentCategoryCode': '012027', 'categoryTitle': '제습기', 'categoryName': '제습기', 'count': 34, 'childCategoryList': []}, {'categoryCode': '012027004', 'parentCategoryCode': '012027', 'categoryTitle': '가습기', 'categoryName': '가습기', 'count': 162, 'childCategoryList': []}, {'categoryCode': '012027005', 'parentCategoryCode': '012027', 'categoryTitle': '냉풍기', 'categoryName': '냉풍기', 'count': 1, 'childCategoryList': []}, {'categoryCode': '012027006', 'parentCategoryCode': '012027', 'categoryTitle': '전기매트 / 장판', 'categoryName': '전기매트 / 장판', 'count': 49, 'childCategoryList': []}, {'categoryCode': '012027007', 'parentCategoryCode': '012027', 'categoryTitle': '냉 / 온수 매트', 'categoryName': '냉 / 온수 매트', 'count': 2, 'childCategoryList': []}, {'categoryCode': '012027008', 'parentCategoryCode': '012027', 'categoryTitle': '히터 / 온풍기', 'categoryName': '히터 / 온풍기', 'count': 53, 'childCategoryList': []}, {'categoryCode': '012027009', 'parentCategoryCode': '012027', 'categoryTitle': '기타 계절가전', 'categoryName': '기타 계절가전', 'count': 32, 'childCategoryList': []}]"
194,012,,디지털/테크,Digital/Tech,57301,012028,012,차량용 디지털,차량용 디지털,227,"[{'categoryCode': '012028002', 'parentCategoryCode': '012028', 'categoryTitle': '차량용 거치대 / 충전기', 'categoryName': '차량용 거치대 / 충전기', 'count': 203, 'childCategoryList': []}, {'categoryCode': '012028003', 'parentCategoryCode': '012028', 'categoryTitle': '기타 차량용 디지털', 'categoryName': '기타 차량용 디지털', 'count': 24, 'childCategoryList': []}]"
195,012,,디지털/테크,Digital/Tech,57301,012029,012,게임,게임,285,"[{'categoryCode': '012029001', 'parentCategoryCode': '012029', 'categoryTitle': '콘솔', 'categoryName': '콘솔', 'count': 15, 'childCategoryList': []}, {'categoryCode': '012029002', 'parentCategoryCode': '012029', 'categoryTitle': '주변 기기', 'categoryName': '주변 기기', 'count': 134, 'childCategoryList': []}, {'categoryCode': '012029003', 'parentCategoryCode': '012029', 'categoryTitle': '게임 팩', 'categoryName': '게임 팩', 'count': 80, 'childCategoryList': []}, {'categoryCode': '012029004', 'parentCategoryCode': '012029', 'categoryTitle': '게임 액세서리', 'categoryName': '게임 액세서리', 'count': 56, 'childCategoryList': []}]"
196,012,,디지털/테크,Digital/Tech,57301,012030,012,기타 디지털/테크,기타 디지털/테크,295,
197,058,,리빙,Life,23065,058,,전체,Life,23065,
198,058,,리빙,Life,23065,058001,058,가구,가구,2041,"[{'categoryCode': '058001001', 'parentCategoryCode': '058001', 'categoryTitle': '침실가구', 'categoryName': '침실가구', 'count': 587, 'childCategoryList': []}, {'categoryCode': '058001002', 'parentCategoryCode': '058001', 'categoryTitle': '드레스룸가구', 'categoryName': '드레스룸가구', 'count': 619, 'childCategoryList': []}, {'categoryCode': '058001003', 'parentCategoryCode': '058001', 'categoryTitle': '거실가구', 'categoryName': '거실가구', 'count': 654, 'childCategoryList': []}, {'categoryCode': '058001004', 'parentCategoryCode': '058001', 'categoryTitle': '오피스가구', 'categoryName': '오피스가구', 'count': 37, 'childCategoryList': []}, {'categoryCode': '058001005', 'parentCategoryCode': '058001', 'categoryTitle': '기타가구', 'categoryName': '기타가구', 'count': 32, 'childCategoryList': []}, {'categoryCode': '058001006', 'parentCategoryCode': '058001', 'categoryTitle': '키즈 가구', 'categoryName': '키즈 가구', 'count': 112, 'childCategoryList': []}]"
199,058,,리빙,Life,23065,058002,058,조명,조명,559,"[{'categoryCode': '058002001', 'parentCategoryCode': '058002', 'categoryTitle': '장스탠드', 'categoryName': '장스탠드', 'count': 83, 'childCategoryList': []}, {'categoryCode': '058002002', 'parentCategoryCode': '058002', 'categoryTitle': '단스탠드', 'categoryName': '단스탠드', 'count': 186, 'childCategoryList': []}, {'categoryCode': '058002003', 'parentCategoryCode': '058002', 'categoryTitle': '인테리어조명', 'categoryName': '인테리어조명', 'count': 242, 'childCategoryList': []}, {'categoryCode': '058002004', 'parentCategoryCode': '058002', 'categoryTitle': '기타 조명', 'categoryName': '기타 조명', 'count': 48, 'childCategoryList': []}]"
200,058,,리빙,Life,23065,058003,058,침구,침구,2654,"[{'categoryCode': '058003001', 'parentCategoryCode': '058003', 'categoryTitle': '이불', 'categoryName': '이불', 'count': 847, 'childCategoryList': []}, {'categoryCode': '058003002', 'parentCategoryCode': '058003', 'categoryTitle': '베개', 'categoryName': '베개', 'count': 507, 'childCategoryList': []}, {'categoryCode': '058003003', 'parentCategoryCode': '058003', 'categoryTitle': '패드', 'categoryName': '패드', 'count': 170, 'childCategoryList': []}, {'categoryCode': '058003004', 'parentCategoryCode': '058003', 'categoryTitle': '솜', 'categoryName': '솜', 'count': 14, 'childCategoryList': []}, {'categoryCode': '058003005', 'parentCategoryCode': '058003', 'categoryTitle': '담요/블랭킷', 'categoryName': '담요/블랭킷', 'count': 510, 'childCategoryList': []}, {'categoryCode': '058003006', 'parentCategoryCode': '058003', 'categoryTitle': '키즈 침구', 'categoryName': '키즈 침구', 'count': 606, 'childCategoryList': []}]"
201,058,,리빙,Life,23065,058004,058,홈패브릭,홈패브릭,1788,"[{'categoryCode': '058004001', 'parentCategoryCode': '058004', 'categoryTitle': '커튼/블라인드', 'categoryName': '커튼/블라인드', 'count': 277, 'childCategoryList': []}, {'categoryCode': '058004003', 'parentCategoryCode': '058004', 'categoryTitle': '쿠션/방석', 'categoryName': '쿠션/방석', 'count': 538, 'childCategoryList': []}, {'categoryCode': '058004004', 'parentCategoryCode': '058004', 'categoryTitle': '러그/매트', 'categoryName': '러그/매트', 'count': 939, 'childCategoryList': []}, {'categoryCode': '058004005', 'parentCategoryCode': '058004', 'categoryTitle': '소파/생활커버', 'categoryName': '소파/생활커버', 'count': 9, 'childCategoryList': []}, {'categoryCode': '058004006', 'parentCategoryCode': '058004', 'categoryTitle': '실내화', 'categoryName': '실내화', 'count': 25, 'childCategoryList': []}]"
202,058,,리빙,Life,23065,058005,058,홈인테리어,홈인테리어,4861,"[{'categoryCode': '058005001', 'parentCategoryCode': '058005', 'categoryTitle': '디퓨저', 'categoryName': '디퓨저', 'count': 744, 'childCategoryList': []}, {'categoryCode': '058005002', 'parentCategoryCode': '058005', 'categoryTitle': '인센스', 'categoryName': '인센스', 'count': 255, 'childCategoryList': []}, {'categoryCode': '058005003', 'parentCategoryCode': '058005', 'categoryTitle': '캔들', 'categoryName': '캔들', 'count': 394, 'childCategoryList': []}, {'categoryCode': '058005004', 'parentCategoryCode': '058005', 'categoryTitle': '방향제', 'categoryName': '방향제', 'count': 81, 'childCategoryList': []}, {'categoryCode': '058005005', 'parentCategoryCode': '058005', 'categoryTitle': '룸스프레이', 'categoryName': '룸스프레이', 'count': 79, 'childCategoryList': []}, {'categoryCode': '058005006', 'parentCategoryCode': '058005', 'categoryTitle': '패브릭포스터', 'categoryName': '패브릭포스터', 'count': 519, 'childCategoryList': []}, {'categoryCode': '058005007', 'parentCategoryCode': '058005', 'categoryTitle': '월데코', 'categoryName': '월데코', 'count': 48, 'childCategoryList': []}, {'categoryCode': '058005008', 'parentCategoryCode': '058005', 'categoryTitle': '플라워/식물', 'categoryName': '플라워/식물', 'count': 82, 'childCategoryList': []}, {'categoryCode': '058005009', 'parentCategoryCode': '058005', 'categoryTitle': '기타 홈인테리어', 'categoryName': '기타 홈인테리어', 'count': 2659, 'childCategoryList': []}]"
203,058,,리빙,Life,23065,058006,058,주방용품,주방용품,4844,"[{'categoryCode': '058006001', 'parentCategoryCode': '058006', 'categoryTitle': '식기/그릇', 'categoryName': '식기/그릇', 'count': 1209, 'childCategoryList': []}, {'categoryCode': '058006002', 'parentCategoryCode': '058006', 'categoryTitle': '컵/잔', 'categoryName': '컵/잔', 'count': 1061, 'childCategoryList': []}, {'categoryCode': '058006003', 'parentCategoryCode': '058006', 'categoryTitle': '텀블러', 'categoryName': '텀블러', 'count': 733, 'childCategoryList': []}, {'categoryCode': '058006004', 'parentCategoryCode': '058006', 'categoryTitle': '냄비/프라이팬', 'categoryName': '냄비/프라이팬', 'count': 144, 'childCategoryList': []}, {'categoryCode': '058006005', 'parentCategoryCode': '058006', 'categoryTitle': '수저/커트러리', 'categoryName': '수저/커트러리', 'count': 237, 'childCategoryList': []}, {'categoryCode': '058006006', 'parentCategoryCode': '058006', 'categoryTitle': '조리기구', 'categoryName': '조리기구', 'count': 95, 'childCategoryList': []}, {'categoryCode': '058006007', 'parentCategoryCode': '058006', 'categoryTitle': '주방패브릭', 'categoryName': '주방패브릭', 'count': 309, 'childCategoryList': []}, {'categoryCode': '058006008', 'parentCategoryCode': '058006', 'categoryTitle': '주방수납', 'categoryName': '주방수납', 'count': 67, 'childCategoryList': []}, {'categoryCode': '058006009', 'parentCategoryCode': '058006', 'categoryTitle': '커피용품', 'categoryName': '커피용품', 'count': 56, 'childCategoryList': []}, {'categoryCode': '058006010', 'parentCategoryCode': '058006', 'categoryTitle': '기타 주방용품', 'categoryName': '기타 주방용품', 'count': 509, 'childCategoryList': []}, {'categoryCode': '058006011', 'parentCategoryCode': '058006', 'categoryTitle': '키즈 주방용품', 'categoryName': '키즈 주방용품', 'count': 424, 'childCategoryList': []}]"
204,058,,리빙,Life,23065,058007,058,생활용품,생활용품,2003,"[{'categoryCode': '058007001', 'parentCategoryCode': '058007', 'categoryTitle': '우산/양산', 'categoryName': '우산/양산', 'count': 501, 'childCategoryList': []}, {'categoryCode': '058007002', 'parentCategoryCode': '058007', 'categoryTitle': '옷걸이', 'categoryName': '옷걸이', 'count': 144, 'childCategoryList': []}, {'categoryCode': '058007003', 'parentCategoryCode': '058007', 'categoryTitle': '수납/정리', 'categoryName': '수납/정리', 'count': 255, 'childCategoryList': []}, {'categoryCode': '058007004', 'parentCategoryCode': '058007', 'categoryTitle': '청소용품', 'categoryName': '청소용품', 'count': 157, 'childCategoryList': []}, {'categoryCode': '058007005', 'parentCategoryCode': '058007', 'categoryTitle': '세탁용품', 'categoryName': '세탁용품', 'count': 130, 'childCategoryList': []}, {'categoryCode': '058007006', 'parentCategoryCode': '058007', 'categoryTitle': '기타 생활용품', 'categoryName': '기타 생활용품', 'count': 170, 'childCategoryList': []}, {'categoryCode': '058007007', 'parentCategoryCode': '058007', 'categoryTitle': '키즈 생활용품', 'categoryName': '키즈 생활용품', 'count': 625, 'childCategoryList': []}, {'categoryCode': '058007008', 'parentCategoryCode': '058007', 'categoryTitle': '키즈 우산/양산', 'categoryName': '키즈 우산/양산', 'count': 21, 'childCategoryList': []}]"
205,058,,리빙,Life,23065,058008,058,욕실용품,욕실용품,736,"[{'categoryCode': '058008001', 'parentCategoryCode': '058008', 'categoryTitle': '수건/타올', 'categoryName': '수건/타올', 'count': 586, 'childCategoryList': []}, {'categoryCode': '058008002', 'parentCategoryCode': '058008', 'categoryTitle': '욕실수납', 'categoryName': '욕실수납', 'count': 4, 'childCategoryList': []}, {'categoryCode': '058008003', 'parentCategoryCode': '058008', 'categoryTitle': '욕실화', 'categoryName': '욕실화', 'count': 6, 'childCategoryList': []}, {'categoryCode': '058008004', 'parentCategoryCode': '058008', 'categoryTitle': '샤워기', 'categoryName': '샤워기', 'count': 27, 'childCategoryList': []}, {'categoryCode': '058008005', 'parentCategoryCode': '058008', 'categoryTitle': '디스펜서', 'categoryName': '디스펜서', 'count': 27, 'childCategoryList': []}, {'categoryCode': '058008006', 'parentCategoryCode': '058008', 'categoryTitle': '기타 욕실용품', 'categoryName': '기타 욕실용품', 'count': 86, 'childCategoryList': []}]"
206,058,,리빙,Life,23065,058009,058,사무용품,사무용품,2697,"[{'categoryCode': '058009001', 'parentCategoryCode': '058009', 'categoryTitle': '다이어리/플래너', 'categoryName': '다이어리/플래너', 'count': 367, 'childCategoryList': []}, {'categoryCode': '058009002', 'parentCategoryCode': '058009', 'categoryTitle': '캘린더', 'categoryName': '캘린더', 'count': 29, 'childCategoryList': []}, {'categoryCode': '058009003', 'parentCategoryCode': '058009', 'categoryTitle': '문구용품', 'categoryName': '문구용품', 'count': 901, 'childCategoryList': []}, {'categoryCode': '058009004', 'parentCategoryCode': '058009', 'categoryTitle': '기타 사무용품', 'categoryName': '기타 사무용품', 'count': 1361, 'childCategoryList': []}, {'categoryCode': '058009005', 'parentCategoryCode': '058009', 'categoryTitle': '키즈 문구', 'categoryName': '키즈 문구', 'count': 39, 'childCategoryList': []}]"
207,058,,리빙,Life,23065,058010,058,기타 라이프,기타 라이프,882,"[{'categoryCode': '058010003', 'parentCategoryCode': '058010', 'categoryTitle': '기타 라이프', 'categoryName': '기타 라이프', 'count': 882, 'childCategoryList': []}]"
208,014,,컬처,Culture,6651,014,,전체,Culture,6651,
209,014,,컬처,Culture,6651,014004,014,티켓,티켓,12,"[{'categoryCode': '014004001', 'parentCategoryCode': '014004', 'categoryTitle': '페스티벌/콘서트', 'categoryName': '페스티벌/콘서트', 'count': 1, 'childCategoryList': []}, {'categoryCode': '014004002', 'parentCategoryCode': '014004', 'categoryTitle': '전시/행사', 'categoryName': '전시/행사', 'count': 11, 'childCategoryList': []}]"
210,014,,컬처,Culture,6651,014001,014,도서/음반,도서/음반,446,"[{'categoryCode': '014001001', 'parentCategoryCode': '014001', 'categoryTitle': '도서', 'categoryName': '도서', 'count': 115, 'childCategoryList': []}, {'categoryCode': '014001002', 'parentCategoryCode': '014001', 'categoryTitle': '음반', 'categoryName': '음반', 'count': 4, 'childCategoryList': []}, {'categoryCode': '014001003', 'parentCategoryCode': '014001', 'categoryTitle': '악기', 'categoryName': '악기', 'count': 84, 'childCategoryList': []}, {'categoryCode': '014001004', 'parentCategoryCode': '014001', 'categoryTitle': '키즈 도서/음반', 'categoryName': '키즈 도서/음반', 'count': 243, 'childCategoryList': []}]"
211,014,,컬처,Culture,6651,014005,014,취미,취미,4953,"[{'categoryCode': '014005001', 'parentCategoryCode': '014005', 'categoryTitle': '토이/피규어', 'categoryName': '토이/피규어', 'count': 438, 'childCategoryList': []}, {'categoryCode': '014005002', 'parentCategoryCode': '014005', 'categoryTitle': '보드게임/퍼즐', 'categoryName': '보드게임/퍼즐', 'count': 72, 'childCategoryList': []}, {'categoryCode': '014005003', 'parentCategoryCode': '014005', 'categoryTitle': '키즈 완구/교구/놀이', 'categoryName': '키즈 완구/교구/놀이', 'count': 4443, 'childCategoryList': []}]"
212,014,,컬처,Culture,6651,014003,014,아트,아트,1221,"[{'categoryCode': '014003001', 'parentCategoryCode': '014003', 'categoryTitle': '그림', 'categoryName': '그림', 'count': 206, 'childCategoryList': []}, {'categoryCode': '014003004', 'parentCategoryCode': '014003', 'categoryTitle': '아트 포스터', 'categoryName': '아트 포스터', 'count': 952, 'childCategoryList': []}, {'categoryCode': '014003003', 'parentCategoryCode': '014003', 'categoryTitle': '굿즈/오브제', 'categoryName': '굿즈/오브제', 'count': 63, 'childCategoryList': []}]"
213,014,,컬처,Culture,6651,014002,014,기타 컬처,기타 컬처,19,
214,021,,반려동물,Pet,4275,021,,전체,Pet,4275,
215,021,,반려동물,Pet,4275,021004,021,반려동물 의류,반려동물 의류,2153,"[{'categoryCode': '021004001', 'parentCategoryCode': '021004', 'categoryTitle': '아우터', 'categoryName': '아우터', 'count': 337, 'childCategoryList': []}, {'categoryCode': '021004002', 'parentCategoryCode': '021004', 'categoryTitle': '티셔츠', 'categoryName': '티셔츠', 'count': 790, 'childCategoryList': []}, {'categoryCode': '021004003', 'parentCategoryCode': '021004', 'categoryTitle': '후드 티셔츠', 'categoryName': '후드 티셔츠', 'count': 176, 'childCategoryList': []}, {'categoryCode': '021004004', 'parentCategoryCode': '021004', 'categoryTitle': '블라우스/셔츠', 'categoryName': '블라우스/셔츠', 'count': 9, 'childCategoryList': []}, {'categoryCode': '021004005', 'parentCategoryCode': '021004', 'categoryTitle': '니트/스웨터', 'categoryName': '니트/스웨터', 'count': 116, 'childCategoryList': []}, {'categoryCode': '021004006', 'parentCategoryCode': '021004', 'categoryTitle': '올인원', 'categoryName': '올인원', 'count': 162, 'childCategoryList': []}, {'categoryCode': '021004007', 'parentCategoryCode': '021004', 'categoryTitle': '원피스', 'categoryName': '원피스', 'count': 133, 'childCategoryList': []}, {'categoryCode': '021004008', 'parentCategoryCode': '021004', 'categoryTitle': '팬츠/치마', 'categoryName': '팬츠/치마', 'count': 2, 'childCategoryList': []}, {'categoryCode': '021004009', 'parentCategoryCode': '021004', 'categoryTitle': '레인코트', 'categoryName': '레인코트', 'count': 63, 'childCategoryList': []}, {'categoryCode': '021004010', 'parentCategoryCode': '021004', 'categoryTitle': '수영복', 'categoryName': '수영복', 'count': 11, 'childCategoryList': []}, {'categoryCode': '021004011', 'parentCategoryCode': '021004', 'categoryTitle': '한복', 'categoryName': '한복', 'count': 26, 'childCategoryList': []}, {'categoryCode': '021004012', 'parentCategoryCode': '021004', 'categoryTitle': '기능성 의류', 'categoryName': '기능성 의류', 'count': 14, 'childCategoryList': []}, {'categoryCode': '021004014', 'parentCategoryCode': '021004', 'categoryTitle': '기타 의류', 'categoryName': '기타 의류', 'count': 117, 'childCategoryList': []}]"
216,021,,반려동물,Pet,4275,021005,021,반려동물 잡화,반려동물 잡화,197,"[{'categoryCode': '021005001', 'parentCategoryCode': '021005', 'categoryTitle': '양말/신발', 'categoryName': '양말/신발', 'count': 6, 'childCategoryList': []}, {'categoryCode': '021005002', 'parentCategoryCode': '021005', 'categoryTitle': '모자', 'categoryName': '모자', 'count': 64, 'childCategoryList': []}, {'categoryCode': '021005003', 'parentCategoryCode': '021005', 'categoryTitle': '이름표/목걸이', 'categoryName': '이름표/목걸이', 'count': 10, 'childCategoryList': []}, {'categoryCode': '021005004', 'parentCategoryCode': '021005', 'categoryTitle': '스카프/반다나', 'categoryName': '스카프/반다나', 'count': 33, 'childCategoryList': []}, {'categoryCode': '021005005', 'parentCategoryCode': '021005', 'categoryTitle': '선글라스', 'categoryName': '선글라스', 'count': 14, 'childCategoryList': []}, {'categoryCode': '021005006', 'parentCategoryCode': '021005', 'categoryTitle': '머리핀/고무줄', 'categoryName': '머리핀/고무줄', 'count': 1, 'childCategoryList': []}, {'categoryCode': '021005007', 'parentCategoryCode': '021005', 'categoryTitle': '가방', 'categoryName': '가방', 'count': 40, 'childCategoryList': []}, {'categoryCode': '021005008', 'parentCategoryCode': '021005', 'categoryTitle': '기타 잡화', 'categoryName': '기타 잡화', 'count': 29, 'childCategoryList': []}]"
217,021,,반려동물,Pet,4275,021002,021,반려동물 용품,반려동물 용품,1938,"[{'categoryCode': '021002001', 'parentCategoryCode': '021002', 'categoryTitle': '배변용품', 'categoryName': '배변용품', 'count': 38, 'childCategoryList': []}, {'categoryCode': '021002002', 'parentCategoryCode': '021002', 'categoryTitle': '미용/목욕용품', 'categoryName': '미용/목욕용품', 'count': 109, 'childCategoryList': []}, {'categoryCode': '021002003', 'parentCategoryCode': '021002', 'categoryTitle': '외출용품', 'categoryName': '외출용품', 'count': 1198, 'childCategoryList': []}, {'categoryCode': '021002004', 'parentCategoryCode': '021002', 'categoryTitle': '토이 / 노즈워크', 'categoryName': '토이 / 노즈워크', 'count': 228, 'childCategoryList': []}, {'categoryCode': '021002005', 'parentCategoryCode': '021002', 'categoryTitle': '기타용품', 'categoryName': '기타용품', 'count': 365, 'childCategoryList': []}]"
218,021,,반려동물,Pet,4275,021006,021,반려동물 푸드,반려동물 푸드,184,"[{'categoryCode': '021006001', 'parentCategoryCode': '021006', 'categoryTitle': '사료', 'categoryName': '사료', 'count': 97, 'childCategoryList': []}, {'categoryCode': '021006002', 'parentCategoryCode': '021006', 'categoryTitle': '간식', 'categoryName': '간식', 'count': 78, 'childCategoryList': []}, {'categoryCode': '021006003', 'parentCategoryCode': '021006', 'categoryTitle': '영양제', 'categoryName': '영양제', 'count': 9, 'childCategoryList': []}]"
